{
  "bounds_world": {
    "x": {
      "min": -381.1015916790035,
      "max": 420.45779806355415
    },
    "y": {
      "min": -385.3893697796223,
      "max": 390.2436283101529
    },
    "z": {
      "min": -86.42102652273127,
      "max": 84.29891993319805
    }
  },
  "unique_cuboid_labels": [
    "Animals - Other",
    "Bicycle",
    "Bus",
    "Car",
    "Cones",
    "Construction Signs",
    "Emergency Vehicle",
    "Medium-sized Truck",
    "Motorcycle",
    "Motorized Scooter",
    "Other Vehicle - Construction Vehicle",
    "Other Vehicle - Pedicab",
    "Other Vehicle - Uncommon",
    "Pedestrian",
    "Pedestrian with Object",
    "Personal Mobility Device",
    "Pickup Truck",
    "Pylons",
    "Road Barriers",
    "Rolling Containers",
    "Semi-truck",
    "Signs",
    "Temporary Construction Barriers",
    "Towed Object",
    "Train",
    "Tram / Subway"
  ],
  "extrinsics_cam_from_lidar": {
    "back_camera": {
      "lidar_0": {
        "count": 6080,
        "t_mean": [
          0.004693598486979406,
          1.6571258424694577,
          -1.2394317322719826
        ],
        "t_std": [
          0.020170350701861694,
          0.00707056317728187,
          0.5283619399566106
        ],
        "q_mean_wxyz": [
          0.01325890741107648,
          0.010675577897700298,
          -0.7058674299844611,
          0.7081393963747155
        ],
        "rot_mean_err_deg": 0.30409317628138255,
        "rot_std_deg": 0.5558158755060251,
        "trans_err_norm_mean": 0.3576222446195009,
        "trans_err_norm_std": 0.38952471764844604,
        "T_cam_from_lidar": [
          [
            -0.9994204668216291,
            -0.03384939484983314,
            -0.003598467220459471,
            0.004693598486979406
          ],
          [
            0.00370722391283863,
            -0.003150745322792581,
            -0.9999881645773468,
            1.6571258424694577
          ],
          [
            0.03383765637417445,
            -0.9994219785817254,
            0.0032744066473640032,
            -1.2394317322719826
          ],
          [
            0.0,
            0.0,
            0.0,
            1.0
          ]
        ]
      }
    },
    "front_camera": {
      "lidar_0": {
        "count": 6080,
        "t_mean": [
          -0.03962986805139238,
          1.8110253577708972,
          -0.3786176519012831
        ],
        "t_std": [
          0.009853580580912274,
          0.006392045478625096,
          0.3680850857372804
        ],
        "q_mean_wxyz": [
          0.7082660006345488,
          0.7058706079816405,
          0.00956481763365076,
          0.003804128862901326
        ],
        "rot_mean_err_deg": 0.22042388519715628,
        "rot_std_deg": 0.45573766229662205,
        "trans_err_norm_mean": 0.18745664281187266,
        "trans_err_norm_std": 0.3169930420428635,
        "T_cam_from_lidar": [
          [
            0.9997880857344589,
            0.008114377005346004,
            0.018919315770962602,
            -0.03962986805139238
          ],
          [
            0.01889171754784831,
            0.003464426782447294,
            -0.999815533363611,
            1.8110253577708972
          ],
          [
            -0.008178424757775936,
            0.9999610765589251,
            0.0033103981025284224,
            -0.3786176519012831
          ],
          [
            0.0,
            0.0,
            0.0,
            1.0
          ]
        ]
      }
    },
    "front_left_camera": {
      "lidar_0": {
        "count": 6080,
        "t_mean": [
          -0.4399172425393268,
          1.53479588391526,
          -1.0432424575698425
        ],
        "t_std": [
          0.3365460514873229,
          0.006219076529346318,
          0.21163983977887693
        ],
        "q_mean_wxyz": [
          0.6195168856432766,
          0.617587980195798,
          0.34156553017747787,
          -0.34368139855847396
        ],
        "rot_mean_err_deg": 0.23692460485430122,
        "rot_std_deg": 0.46276595385282093,
        "trans_err_norm_mean": 0.2237245896285829,
        "trans_err_norm_std": 0.3286953779135574,
        "T_cam_from_lidar": [
          [
            0.5304321697589397,
            0.8477263911505737,
            -0.001295774535898575,
            -0.4399172425393268
          ],
          [
            -0.0039393276033120594,
            0.0009363660051322498,
            -0.9999918024247689,
            1.53479588391526
          ],
          [
            -0.8477182285304812,
            0.53043292598172,
            0.0038361506245063737,
            -1.0432424575698425
          ],
          [
            0.0,
            0.0,
            0.0,
            1.0
          ]
        ]
      }
    },
    "front_right_camera": {
      "lidar_0": {
        "count": 6080,
        "t_mean": [
          0.6386264195027423,
          1.583928392883376,
          -1.1310147149255765
        ],
        "t_std": [
          0.2891864222800252,
          0.01000870546083282,
          0.18338544457516853
        ],
        "q_mean_wxyz": [
          0.626057777455002,
          0.6132524754432721,
          -0.34104370567096887,
          0.3400915339625723
        ],
        "rot_mean_err_deg": 0.20279799352413239,
        "rot_std_deg": 0.4523679312713707,
        "trans_err_norm_mean": 0.1514156448683573,
        "trans_err_norm_std": 0.307298689856066,
        "T_cam_from_lidar": [
          [
            0.5360538786983962,
            -0.8441256932418775,
            -0.009902178615075086,
            0.6386264195027423
          ],
          [
            0.007542106293604023,
            0.016518299779366696,
            -0.999835117609426,
            1.583928392883376
          ],
          [
            0.8441500789344636,
            0.5358908095697468,
            0.01522118436982478,
            -1.1310147149255765
          ],
          [
            0.0,
            0.0,
            0.0,
            1.0
          ]
        ]
      }
    },
    "left_camera": {
      "lidar_0": {
        "count": 6080,
        "t_mean": [
          0.21652962766704284,
          1.5791127494179296,
          -0.5644265979253219
        ],
        "t_std": [
          0.4604278979472128,
          0.009708720768350436,
          0.015666712309925203
        ],
        "q_mean_wxyz": [
          0.4982273858337261,
          0.4862436568112035,
          0.5053103767200561,
          -0.5098999915622622
        ],
        "rot_mean_err_deg": 0.2715161572166909,
        "rot_std_deg": 0.48596295274459855,
        "trans_err_norm_mean": 0.2929035181830521,
        "trans_err_norm_std": 0.35572613535926645,
        "T_cam_from_lidar": [
          [
            -0.03067315643232016,
            0.9995002104674237,
            0.007647663045305342,
            0.21652962766704284
          ],
          [
            -0.01668434886339598,
            0.007138209631347037,
            -0.999835325674315,
            1.5791127494179296
          ],
          [
            -0.9993902090662501,
            -0.03079570162920542,
            0.016457058779807077,
            -0.5644265979253219
          ],
          [
            0.0,
            0.0,
            0.0,
            1.0
          ]
        ]
      }
    },
    "right_camera": {
      "lidar_0": {
        "count": 6080,
        "t_mean": [
          0.4143776805942121,
          1.5419106862480925,
          -0.7326011562805901
        ],
        "t_std": [
          0.3062099912159933,
          0.004903359482171769,
          0.013725616154759151
        ],
        "q_mean_wxyz": [
          0.5115818307318376,
          0.502537546255979,
          -0.4896896355466315,
          0.49592752081961367
        ],
        "rot_mean_err_deg": 0.17360418569032643,
        "rot_std_deg": 0.45675062139005473,
        "trans_err_norm_mean": 0.08391841515371608,
        "trans_err_norm_std": 0.29484689890115195,