{
  "bounds_world": {
    "x": {
      "min": -282.9401460341138,
      "max": 268.38788857000407
    },
    "y": {
      "min": -263.25988382515385,
      "max": 390.2436283101529
    },
    "z": {
      "min": -57.55508010876675,
      "max": 41.86124096939962
    }
  },
  "unique_cuboid_labels": [
    "Animals - Other",
    "Bicycle",
    "Bus",
    "Car",
    "Cones",
    "Construction Signs",
    "Emergency Vehicle",
    "Medium-sized Truck",
    "Motorcycle",
    "Motorized Scooter",
    "Other Vehicle - Construction Vehicle",
    "Other Vehicle - Pedicab",
    "Other Vehicle - Uncommon",
    "Pedestrian",
    "Pedestrian with Object",
    "Personal Mobility Device",
    "Pickup Truck",
    "Pylons",
    "Rolling Containers",
    "Semi-truck",
    "Signs",
    "Temporary Construction Barriers",
    "Towed Object",
    "Train",
    "Tram / Subway"
  ],
  "extrinsics_cam_from_lidar": {
    "back_camera": {
      "lidar_0": {
        "count": 800,
        "t_mean": [
          0.007979043760130781,
          1.6558137460763127,
          -1.0972076684550347
        ],
        "t_std": [
          0.010102537003355588,
          0.0058221880027320904,
          0.31918267518038845
        ],
        "q_mean_wxyz": [
          0.013212433345043526,
          0.010683570522471828,
          -0.705878538352728,
          0.7081290715815942
        ],
        "rot_mean_err_deg": 0.20407083664206124,
        "rot_std_deg": 0.1482121644263647,
        "trans_err_norm_mean": 0.26060572678893124,
        "trans_err_norm_std": 0.18465696419893174,
        "T_cam_from_lidar": [
          [
            -0.9994225858519885,
            -0.033794822605500145,
            -0.0035220525248554103,
            0.007979043760130781
          ],
          [
            0.0036296100263373317,
            -0.0031218413962383895,
            -0.9999885399530105,
            1.6558137460763127
          ],
          [
            0.03378344002587326,
            -0.9994239160993496,
            0.0032427008278154146,
            -1.0972076684550347
          ],
          [
            0.0,
            0.0,
            0.0,
            1.0
          ]
        ]
      },
      "lidar_1": {
        "count": 800,
        "t_mean": [
          0.007979043760130781,
          1.6558137460763127,
          -1.0972076684550347
        ],
        "t_std": [
          0.010102537003355588,
          0.0058221880027320904,
          0.31918267518038845
        ],
        "q_mean_wxyz": [
          0.013212433345043526,
          0.010683570522471828,
          -0.705878538352728,
          0.7081290715815942
        ],
        "rot_mean_err_deg": 0.20407083664206124,
        "rot_std_deg": 0.1482121644263647,
        "trans_err_norm_mean": 0.26060572678893124,
        "trans_err_norm_std": 0.18465696419893174,
        "T_cam_from_lidar": [
          [
            -0.9994225858519885,
            -0.033794822605500145,
            -0.0035220525248554103,
            0.007979043760130781
          ],
          [
            0.0036296100263373317,
            -0.0031218413962383895,
            -0.9999885399530105,
            1.6558137460763127
          ],
          [
            0.03378344002587326,
            -0.9994239160993496,
            0.0032427008278154146,
            -1.0972076684550347
          ],
          [
            0.0,
            0.0,
            0.0,
            1.0
          ]
        ]
      }
    },
    "front_camera": {
      "lidar_0": {
        "count": 800,
        "t_mean": [
          -0.03934413942417223,
          1.8100807044792984,
          -0.43946226949552963
        ],
        "t_std": [
          0.001686729036738101,
          0.003759835208360737,
          0.15917392371632297
        ],
        "q_mean_wxyz": [
          0.7082734892040072,
          0.7058635408030891,
          0.009529648499077696,
          0.0038094691481542573
        ],
        "rot_mean_err_deg": 0.13805167918802908,
        "rot_std_deg": 0.08405659638400775,
        "trans_err_norm_mean": 0.1299813091345688,
        "trans_err_norm_std": 0.09196835696341904,
        "T_cam_from_lidar": [
          [
            0.9997893474885866,
            0.008056970853179187,
            0.018877125549651565,
            -0.03934413942417223
          ],
          [
            0.01884955487549212,
            0.0034842994194698163,
            -0.9998162600890983,
            1.8100807044792984
          ],
          [
            -0.008121264023666398,
            0.9999614716968983,
            0.0033316951288193675,
            -0.43946226949552963
          ],
          [
            0.0,
            0.0,
            0.0,
            1.0
          ]
        ]
      },
      "lidar_1": {
        "count": 800,
        "t_mean": [
          -0.03934413942417223,
          1.8100807044792984,
          -0.43946226949552963
        ],
        "t_std": [
          0.001686729036738101,
          0.003759835208360737,
          0.15917392371632297
        ],
        "q_mean_wxyz": [
          0.7082734892040072,
          0.7058635408030891,
          0.009529648499077696,
          0.0038094691481542573
        ],
        "rot_mean_err_deg": 0.13805167918802908,
        "rot_std_deg": 0.08405659638400775,
        "trans_err_norm_mean": 0.1299813091345688,
        "trans_err_norm_std": 0.09196835696341904,
        "T_cam_from_lidar": [
          [
            0.9997893474885866,
            0.008056970853179187,
            0.018877125549651565,
            -0.03934413942417223
          ],
          [
            0.01884955487549212,
            0.0034842994194698163,
            -0.9998162600890983,
            1.8100807044792984
          ],
          [
            -0.008121264023666398,
            0.9999614716968983,
            0.0033316951288193675,
            -0.43946226949552963
          ],
          [
            0.0,
            0.0,
            0.0,
            1.0
          ]
        ]
      }
    },
    "front_left_camera": {
      "lidar_0": {
        "count": 800,
        "t_mean": [
          -0.506243564920067,
          1.5337461403225325,
          -1.0858197321490906
        ],
        "t_std": [
          0.16380941528356213,
          0.004238139123377286,
          0.10344575018192308
        ],
        "q_mean_wxyz": [
          0.6195382662497569,
          0.6175778090779898,
          0.3415438639357638,
          -0.34368266670651804
        ],
        "rot_mean_err_deg": 0.15005322319010295,
        "rot_std_deg": 0.09570484736739705,
        "trans_err_norm_mean": 0.15816728134609062,
        "trans_err_norm_std": 0.11196258616635772,
        "T_cam_from_lidar": [
          [
            0.5304600272266495,
            0.8477089493298591,
            -0.0013025900233727405,
            -0.506243564920067
          ],
          [
            -0.003989304555938433,
            0.0009597486798524901,
            -0.9999915821303856,
            1.5337461403225325
          ],
          [
            -0.8477005632673972,
            0.5304607583116195,
            0.003890877484516553,
            -1.0858197321490906
          ],
          [
            0.0,
            0.0,
            0.0,
            1.0
          ]
        ]
      },
      "lidar_1": {
        "count": 800,
        "t_mean": [
          -0.506243564920067,
          1.5337461403225325,
          -1.0858197321490906
        ],
        "t_std": [
          0.16380941528356213,
          0.004238139123377286,
          0.10344575018192308
        ],
        "q_mean_wxyz": [
          0.6195382662497569,
          0.6175778090779898,
          0.3415438639357638,
          -0.34368266670651804
        ],
        "rot_mean_err_deg": 0.15005322319010295,
        "rot_std_deg": 0.09570484736739705,
        "trans_err_norm_mean": 0.15816728134609062,
        "trans_err_norm_std": 0.11196258616635772,